id,full_name,generation_level,profession,city,country,latitude,longitude,date_of_birth,date_of_death,father,mother,spouse,photo_url,bio,phone,email
m1,Raj naval 1,1,Software Engineer,Pune,India,18.5204,73.8567,1950-01-01,2020-05-12,,,,,"Sample member for testing generation 1, search, profile and relationship features.",+91 9800000000,member1@example.com
m2,Neha naval 2,1,Doctor,Mumbai,India,19.076,72.8777,1951-02-02,2021-05-12,,,,,"Sample member for testing generation 1, search, profile and relationship features.",+91 9800000001,member2@example.com
m3,Mahesh naval 3,1,Chartered Accountant,Jalgaon,India,21.0077,75.5626,1952-03-03,,,,,,"Sample member for testing generation 1, search, profile and relationship features.",+91 9800000002,member3@example.com
m4,Priya naval 4,2,Lawyer,Nashik,India,20.0059,73.791,1963-04-04,,Raj naval 1,,Rohan naval 5,,"Sample member for testing generation 2, search, profile and relationship features.",+91 9800000003,member4@example.com
m5,Rohan naval 5,2,Teacher,Bengaluru,India,12.9716,77.5946,1964-05-05,2024-05-12,Raj naval 1,,Priya naval 4,,"Sample member for testing generation 2, search, profile and relationship features.",+91 9800000004,member5@example.com
m6,Isha naval 6,2,Business Owner,Delhi,India,28.6139,77.209,1965-06-06,,Neha naval 2,,,,"Sample member for testing generation 2, search, profile and relationship features.",+91 9800000005,member6@example.com
m7,Arjun naval 7,2,Architect,London,United Kingdom,51.5074,-0.1278,1966-07-07,,Neha naval 2,,,,"Sample member for testing generation 2, search, profile and relationship features.",+91 9800000006,member7@example.com
m8,Kavya naval 8,2,Consultant,Dubai,UAE,25.2048,55.2708,1967-08-08,,Mahesh naval 3,,,,"Sample member for testing generation 2, search, profile and relationship features.",+91 9800000007,member8@example.com
m9,Aditya naval 9,2,Professor,Pune,India,18.5204,73.8567,1968-09-09,,Mahesh naval 3,,Nisha naval 10,,"Sample member for testing generation 2, search, profile and relationship features.",+91 9800000008,member9@example.com
m10,Nisha naval 10,2,Banker,Mumbai,India,19.076,72.8777,1969-10-10,,Raj naval 1,,Aditya naval 9,,"Sample member for testing generation 2, search, profile and relationship features.",+91 9800000009,member10@example.com
m11,Suresh naval 11,2,Designer,Jalgaon,India,21.0077,75.5626,1960-11-11,,Raj naval 1,,,,"Sample member for testing generation 2, search, profile and relationship features.",+91 9800000010,member11@example.com
m12,Sneha naval 12,2,Entrepreneur,Nashik,India,20.0059,73.791,1961-12-12,,Neha naval 2,,,,"Sample member for testing generation 2, search, profile and relationship features.",+91 9800000011,member12@example.com
m13,Prakash naval 13,2,Civil Engineer,Bengaluru,India,12.9716,77.5946,1962-01-13,,Neha naval 2,,,,"Sample member for testing generation 2, search, profile and relationship features.",+91 9800000012,member13@example.com
m14,Tanya naval 14,2,Pharmacist,Delhi,India,28.6139,77.209,1963-02-14,,Mahesh naval 3,,Deepak naval 15,,"Sample member for testing generation 2, search, profile and relationship features.",+91 9800000013,member14@example.com
m15,Deepak naval 15,2,Student,London,United Kingdom,51.5074,-0.1278,1964-03-15,,Mahesh naval 3,,Tanya naval 14,,"Sample member for testing generation 2, search, profile and relationship features.",+91 9800000014,member15@example.com
m16,Shreya naval 16,2,Software Engineer,Dubai,UAE,25.2048,55.2708,1965-04-16,,Raj naval 1,,,,"Sample member for testing generation 2, search, profile and relationship features.",+91 9800000015,member16@example.com
m17,Varun naval 17,2,Doctor,Pune,India,18.5204,73.8567,1966-05-17,,Raj naval 1,,,,"Sample member for testing generation 2, search, profile and relationship features.",+91 9800000016,member17@example.com
m18,Simran naval 18,2,Chartered Accountant,Mumbai,India,19.076,72.8777,1967-06-18,,Neha naval 2,,,,"Sample member for testing generation 2, search, profile and relationship features.",+91 9800000017,member18@example.com
m19,Ritesh naval 19,2,Lawyer,Jalgaon,India,21.0077,75.5626,1968-07-19,,Neha naval 2,,Ritu naval 20,,"Sample member for testing generation 2, search, profile and relationship features.",+91 9800000018,member19@example.com
m20,Ritu naval 20,2,Teacher,Nashik,India,20.0059,73.791,1969-08-20,,Mahesh naval 3,,Ritesh naval 19,,"Sample member for testing generation 2, search, profile and relationship features.",+91 9800000019,member20@example.com
m21,Harsh naval 21,2,Business Owner,Bengaluru,India,12.9716,77.5946,1960-09-21,,Mahesh naval 3,,Raj naval 51,,"Sample member for testing generation 2, search, profile and relationship features.",+91 9800000020,member21@example.com
m22,Neha naval 22,2,Architect,Delhi,India,28.6139,77.209,1961-10-22,,Raj naval 1,,,,"Sample member for testing generation 2, search, profile and relationship features.",+91 9800000021,member22@example.com
m23,Dev naval 23,2,Consultant,London,United Kingdom,51.5074,-0.1278,1962-11-23,,Raj naval 1,,,,"Sample member for testing generation 2, search, profile and relationship features.",+91 9800000022,member23@example.com
m24,Priya naval 24,2,Professor,Dubai,UAE,25.2048,55.2708,1963-12-24,,Neha naval 2,,Ravi naval 25,,"Sample member for testing generation 2, search, profile and relationship features.",+91 9800000023,member24@example.com
m25,Ravi naval 25,2,Banker,Pune,India,18.5204,73.8567,1964-01-25,,Neha naval 2,,Priya naval 24,,"Sample member for testing generation 2, search, profile and relationship features.",+91 9800000024,member25@example.com
m26,Isha naval 26,2,Designer,Mumbai,India,19.076,72.8777,1965-02-26,,Mahesh naval 3,,,,"Sample member for testing generation 2, search, profile and relationship features.",+91 9800000025,member26@example.com
m27,Vijay naval 27,2,Entrepreneur,Jalgaon,India,21.0077,75.5626,1966-03-27,,Mahesh naval 3,,,,"Sample member for testing generation 2, search, profile and relationship features.",+91 9800000026,member27@example.com
m28,Kavya naval 28,2,Civil Engineer,Nashik,India,20.0059,73.791,1967-04-01,,Raj naval 1,,,,"Sample member for testing generation 2, search, profile and relationship features.",+91 9800000027,member28@example.com
m29,Amit naval 29,2,Pharmacist,Bengaluru,India,12.9716,77.5946,1968-05-02,,Raj naval 1,,Nisha naval 30,,"Sample member for testing generation 2, search, profile and relationship features.",+91 9800000028,member29@example.com
m30,Nisha naval 30,2,Student,Delhi,India,28.6139,77.209,1969-06-03,,Neha naval 2,,Amit naval 29,,"Sample member for testing generation 2, search, profile and relationship features.",+91 9800000029,member30@example.com
m31,Karan naval 31,2,Software Engineer,London,United Kingdom,51.5074,-0.1278,1960-07-04,,Neha naval 2,,,,"Sample member for testing generation 2, search, profile and relationship features.",+91 9800000030,member31@example.com
m32,Sneha naval 32,2,Doctor,Dubai,UAE,25.2048,55.2708,1961-08-05,2021-05-12,Mahesh naval 3,,,,"Sample member for testing generation 2, search, profile and relationship features.",+91 9800000031,member32@example.com
m33,Nikhil naval 33,3,Chartered Accountant,Pune,India,18.5204,73.8567,1972-09-06,,Priya naval 4,,Tanya naval 34,,"Sample member for testing generation 3, search, profile and relationship features.",+91 9800000032,member33@example.com
m34,Tanya naval 34,3,Lawyer,Mumbai,India,19.076,72.8777,1973-10-07,,Priya naval 4,,Nikhil naval 33,,"Sample member for testing generation 3, search, profile and relationship features.",+91 9800000033,member34@example.com
m35,Rahul naval 35,3,Teacher,Jalgaon,India,21.0077,75.5626,1974-11-08,,Rohan naval 5,,,,"Sample member for testing generation 3, search, profile and relationship features.",+91 9800000034,member35@example.com
m36,Shreya naval 36,3,Business Owner,Nashik,India,20.0059,73.791,1975-12-09,,Rohan naval 5,,,,"Sample member for testing generation 3, search, profile and relationship features.",+91 9800000035,member36@example.com
m37,Manoj naval 37,3,Architect,Bengaluru,India,12.9716,77.5946,1976-01-10,,Isha naval 6,,,,"Sample member for testing generation 3, search, profile and relationship features.",+91 9800000036,member37@example.com
m38,Simran naval 38,3,Consultant,Delhi,India,28.6139,77.209,1977-02-11,,Isha naval 6,,Anil naval 39,,"Sample member for testing generation 3, search, profile and relationship features.",+91 9800000037,member38@example.com
m39,Anil naval 39,3,Professor,London,United Kingdom,51.5074,-0.1278,1978-03-12,,Arjun naval 7,,Simran naval 38,,"Sample member for testing generation 3, search, profile and relationship features.",+91 9800000038,member39@example.com
m40,Ritu naval 40,3,Banker,Dubai,UAE,25.2048,55.2708,1979-04-13,,Arjun naval 7,,,,"Sample member for testing generation 3, search, profile and relationship features.",+91 9800000039,member40@example.com
m41,Sanjay naval 41,3,Designer,Pune,India,18.5204,73.8567,1970-05-14,,Kavya naval 8,,,,"Sample member for testing generation 3, search, profile and relationship features.",+91 9800000040,member41@example.com
m42,Neha naval 42,3,Entrepreneur,Mumbai,India,19.076,72.8777,1971-06-15,,Kavya naval 8,,,,"Sample member for testing generation 3, search, profile and relationship features.",+91 9800000041,member42@example.com
m43,Akash naval 43,3,Civil Engineer,Jalgaon,India,21.0077,75.5626,1972-07-16,,Aditya naval 9,,Priya naval 44,,"Sample member for testing generation 3, search, profile and relationship features.",+91 9800000042,member43@example.com
m44,Priya naval 44,3,Pharmacist,Nashik,India,20.0059,73.791,1973-08-17,,Aditya naval 9,,Akash naval 43,,"Sample member for testing generation 3, search, profile and relationship features.",+91 9800000043,member44@example.com
m45,Sameer naval 45,3,Student,Bengaluru,India,12.9716,77.5946,1974-09-18,,Nisha naval 10,,,,"Sample member for testing generation 3, search, profile and relationship features.",+91 9800000044,member45@example.com
m46,Isha naval 46,3,Software Engineer,Delhi,India,28.6139,77.209,1975-10-19,,Nisha naval 10,,,,"Sample member for testing generation 3, search, profile and relationship features.",+91 9800000045,member46@example.com
m47,Yash naval 47,3,Doctor,London,United Kingdom,51.5074,-0.1278,1976-11-20,,Suresh naval 11,,,,"Sample member for testing generation 3, search, profile and relationship features.",+91 9800000046,member47@example.com
m48,Kavya naval 48,3,Chartered Accountant,Dubai,UAE,25.2048,55.2708,1977-12-21,,Suresh naval 11,,Neeraj naval 49,,"Sample member for testing generation 3, search, profile and relationship features.",+91 9800000047,member48@example.com
m49,Neeraj naval 49,3,Lawyer,Pune,India,18.5204,73.8567,1978-01-22,,Sneha naval 12,,Kavya naval 48,,"Sample member for testing generation 3, search, profile and relationship features.",+91 9800000048,member49@example.com
m50,Nisha naval 50,3,Teacher,Mumbai,India,19.076,72.8777,1979-02-23,,Sneha naval 12,,,,"Sample member for testing generation 3, search, profile and relationship features.",+91 9800000049,member50@example.com
m51,Raj naval 51,3,Business Owner,Jalgaon,India,21.0077,75.5626,1970-03-24,,Prakash naval 13,,Harsh naval 21,,"Sample member for testing generation 3, search, profile and relationship features.",+91 9800000050,member51@example.com
m52,Sneha naval 52,3,Architect,Nashik,India,20.0059,73.791,1971-04-25,,Prakash naval 13,,,,"Sample member for testing generation 3, search, profile and relationship features.",+91 9800000051,member52@example.com
m53,Mahesh naval 53,3,Consultant,Bengaluru,India,12.9716,77.5946,1972-05-26,,Tanya naval 14,,Tanya naval 54,,"Sample member for testing generation 3, search, profile and relationship features.",+91 9800000052,member53@example.com
m54,Tanya naval 54,3,Professor,Delhi,India,28.6139,77.209,1973-06-27,,Tanya naval 14,,Mahesh naval 53,,"Sample member for testing generation 3, search, profile and relationship features.",+91 9800000053,member54@example.com
m55,Rohan naval 55,3,Banker,London,United Kingdom,51.5074,-0.1278,1974-07-01,,Deepak naval 15,,,,"Sample member for testing generation 3, search, profile and relationship features.",+91 9800000054,member55@example.com
m56,Shreya naval 56,3,Designer,Dubai,UAE,25.2048,55.2708,1975-08-02,,Deepak naval 15,,,,"Sample member for testing generation 3, search, profile and relationship features.",+91 9800000055,member56@example.com
m57,Arjun naval 57,3,Entrepreneur,Pune,India,18.5204,73.8567,1976-09-03,,Shreya naval 16,,,,"Sample member for testing generation 3, search, profile and relationship features.",+91 9800000056,member57@example.com
m58,Simran naval 58,3,Civil Engineer,Mumbai,India,19.076,72.8777,1977-10-04,,Shreya naval 16,,Aditya naval 59,,"Sample member for testing generation 3, search, profile and relationship features.",+91 9800000057,member58@example.com
m59,Aditya naval 59,3,Pharmacist,Jalgaon,India,21.0077,75.5626,1978-11-05,,Varun naval 17,,Simran naval 58,,"Sample member for testing generation 3, search, profile and relationship features.",+91 9800000058,member59@example.com
m60,Ritu naval 60,3,Student,Nashik,India,20.0059,73.791,1979-12-06,,Varun naval 17,,,,"Sample member for testing generation 3, search, profile and relationship features.",+91 9800000059,member60@example.com
m61,Suresh naval 61,3,Software Engineer,Bengaluru,India,12.9716,77.5946,1970-01-07,,Simran naval 18,,,,"Sample member for testing generation 3, search, profile and relationship features.",+91 9800000060,member61@example.com
m62,Neha naval 62,4,Doctor,Delhi,India,28.6139,77.209,1981-02-08,,Nikhil naval 33,,Prakash naval 63,,"Sample member for testing generation 4, search, profile and relationship features.",+91 9800000061,member62@example.com
m63,Prakash naval 63,4,Chartered Accountant,London,United Kingdom,51.5074,-0.1278,1982-03-09,2022-05-12,Nikhil naval 33,,Neha naval 62,,"Sample member for testing generation 4, search, profile and relationship features.",+91 9800000062,member63@example.com
m64,Priya naval 64,4,Lawyer,Dubai,UAE,25.2048,55.2708,1983-04-10,,Tanya naval 34,,,,"Sample member for testing generation 4, search, profile and relationship features.",+91 9800000063,member64@example.com
m65,Deepak naval 65,4,Teacher,Pune,India,18.5204,73.8567,1984-05-11,,Tanya naval 34,,,,"Sample member for testing generation 4, search, profile and relationship features.",+91 9800000064,member65@example.com
m66,Isha naval 66,4,Business Owner,Mumbai,India,19.076,72.8777,1985-06-12,,Rahul naval 35,,,,"Sample member for testing generation 4, search, profile and relationship features.",+91 9800000065,member66@example.com
m67,Varun naval 67,4,Architect,Jalgaon,India,21.0077,75.5626,1986-07-13,,Rahul naval 35,,Kavya naval 68,,"Sample member for testing generation 4, search, profile and relationship features.",+91 9800000066,member67@example.com
m68,Kavya naval 68,4,Consultant,Nashik,India,20.0059,73.791,1987-08-14,,Shreya naval 36,,Varun naval 67,,"Sample member for testing generation 4, search, profile and relationship features.",+91 9800000067,member68@example.com
m69,Ritesh naval 69,4,Professor,Bengaluru,India,12.9716,77.5946,1988-09-15,,Shreya naval 36,,,,"Sample member for testing generation 4, search, profile and relationship features.",+91 9800000068,member69@example.com
m70,Nisha naval 70,4,Banker,Delhi,India,28.6139,77.209,1989-10-16,,Manoj naval 37,,,,"Sample member for testing generation 4, search, profile and relationship features.",+91 9800000069,member70@example.com
m71,Harsh naval 71,4,Designer,London,United Kingdom,51.5074,-0.1278,1980-11-17,,Manoj naval 37,,,,"Sample member for testing generation 4, search, profile and relationship features.",+91 9800000070,member71@example.com
m72,Sneha naval 72,4,Entrepreneur,Dubai,UAE,25.2048,55.2708,1981-12-18,,Simran naval 38,,Dev naval 73,,"Sample member for testing generation 4, search, profile and relationship features.",+91 9800000071,member72@example.com
m73,Dev naval 73,4,Civil Engineer,Pune,India,18.5204,73.8567,1982-01-19,,Simran naval 38,,Sneha naval 72,,"Sample member for testing generation 4, search, profile and relationship features.",+91 9800000072,member73@example.com
m74,Tanya naval 74,4,Pharmacist,Mumbai,India,19.076,72.8777,1983-02-20,,Anil naval 39,,,,"Sample member for testing generation 4, search, profile and relationship features.",+91 9800000073,member74@example.com
m75,Ravi naval 75,4,Student,Jalgaon,India,21.0077,75.5626,1984-03-21,,Anil naval 39,,,,"Sample member for testing generation 4, search, profile and relationship features.",+91 9800000074,member75@example.com
m76,Shreya naval 76,4,Software Engineer,Nashik,India,20.0059,73.791,1985-04-22,,Ritu naval 40,,Isha naval 106,,"Sample member for testing generation 4, search, profile and relationship features.",+91 9800000075,member76@example.com
m77,Vijay naval 77,4,Doctor,Bengaluru,India,12.9716,77.5946,1986-05-23,,Ritu naval 40,,Simran naval 78,,"Sample member for testing generation 4, search, profile and relationship features.",+91 9800000076,member77@example.com
m78,Simran naval 78,4,Chartered Accountant,Delhi,India,28.6139,77.209,1987-06-24,,Sanjay naval 41,,Vijay naval 77,,"Sample member for testing generation 4, search, profile and relationship features.",+91 9800000077,member78@example.com
m79,Amit naval 79,4,Lawyer,London,United Kingdom,51.5074,-0.1278,1988-07-25,,Sanjay naval 41,,,,"Sample member for testing generation 4, search, profile and relationship features.",+91 9800000078,member79@example.com
m80,Ritu naval 80,4,Teacher,Dubai,UAE,25.2048,55.2708,1989-08-26,,Neha naval 42,,,,"Sample member for testing generation 4, search, profile and relationship features.",+91 9800000079,member80@example.com
m81,Karan naval 81,4,Business Owner,Pune,India,18.5204,73.8567,1980-09-27,,Neha naval 42,,,,"Sample member for testing generation 4, search, profile and relationship features.",+91 9800000080,member81@example.com
m82,Neha naval 82,4,Architect,Mumbai,India,19.076,72.8777,1981-10-01,,Akash naval 43,,Nikhil naval 83,,"Sample member for testing generation 4, search, profile and relationship features.",+91 9800000081,member82@example.com
m83,Nikhil naval 83,4,Consultant,Jalgaon,India,21.0077,75.5626,1982-11-02,,Akash naval 43,,Neha naval 82,,"Sample member for testing generation 4, search, profile and relationship features.",+91 9800000082,member83@example.com
m84,Priya naval 84,4,Professor,Nashik,India,20.0059,73.791,1983-12-03,,Priya naval 44,,,,"Sample member for testing generation 4, search, profile and relationship features.",+91 9800000083,member84@example.com
m85,Rahul naval 85,4,Banker,Bengaluru,India,12.9716,77.5946,1984-01-04,,Priya naval 44,,,,"Sample member for testing generation 4, search, profile and relationship features.",+91 9800000084,member85@example.com
m86,Isha naval 86,4,Designer,Delhi,India,28.6139,77.209,1985-02-05,,Sameer naval 45,,,,"Sample member for testing generation 4, search, profile and relationship features.",+91 9800000085,member86@example.com
m87,Manoj naval 87,4,Entrepreneur,London,United Kingdom,51.5074,-0.1278,1986-03-06,,Sameer naval 45,,Kavya naval 88,,"Sample member for testing generation 4, search, profile and relationship features.",+91 9800000086,member87@example.com
m88,Kavya naval 88,4,Civil Engineer,Dubai,UAE,25.2048,55.2708,1987-04-07,,Isha naval 46,,Manoj naval 87,,"Sample member for testing generation 4, search, profile and relationship features.",+91 9800000087,member88@example.com
m89,Anil naval 89,4,Pharmacist,Pune,India,18.5204,73.8567,1988-05-08,,Isha naval 46,,,,"Sample member for testing generation 4, search, profile and relationship features.",+91 9800000088,member89@example.com
m90,Nisha naval 90,4,Student,Mumbai,India,19.076,72.8777,1989-06-09,,Yash naval 47,,,,"Sample member for testing generation 4, search, profile and relationship features.",+91 9800000089,member90@example.com
m91,Sanjay naval 91,5,Software Engineer,Jalgaon,India,21.0077,75.5626,1990-07-10,,Neha naval 62,,Sneha naval 92,,"Sample member for testing generation 5, search, profile and relationship features.",+91 9800000090,member91@example.com
m92,Sneha naval 92,5,Doctor,Nashik,India,20.0059,73.791,1991-08-11,2021-05-12,Neha naval 62,,Sanjay naval 91,,"Sample member for testing generation 5, search, profile and relationship features.",+91 9800000091,member92@example.com
m93,Akash naval 93,5,Chartered Accountant,Bengaluru,India,12.9716,77.5946,1992-09-12,,Prakash naval 63,,,,"Sample member for testing generation 5, search, profile and relationship features.",+91 9800000092,member93@example.com
m94,Tanya naval 94,5,Lawyer,Delhi,India,28.6139,77.209,1993-10-13,,Prakash naval 63,,,,"Sample member for testing generation 5, search, profile and relationship features.",+91 9800000093,member94@example.com
m95,Sameer naval 95,5,Teacher,London,United Kingdom,51.5074,-0.1278,1994-11-14,,Priya naval 64,,,,"Sample member for testing generation 5, search, profile and relationship features.",+91 9800000094,member95@example.com
m96,Shreya naval 96,5,Business Owner,Dubai,UAE,25.2048,55.2708,1995-12-15,,Priya naval 64,,Yash naval 97,,"Sample member for testing generation 5, search, profile and relationship features.",+91 9800000095,member96@example.com
m97,Yash naval 97,5,Architect,Pune,India,18.5204,73.8567,1996-01-16,,Deepak naval 65,,Shreya naval 96,,"Sample member for testing generation 5, search, profile and relationship features.",+91 9800000096,member97@example.com
m98,Simran naval 98,5,Consultant,Mumbai,India,19.076,72.8777,1997-02-17,,Deepak naval 65,,,,"Sample member for testing generation 5, search, profile and relationship features.",+91 9800000097,member98@example.com
m99,Neeraj naval 99,5,Professor,Jalgaon,India,21.0077,75.5626,1998-03-18,,Isha naval 66,,,,"Sample member for testing generation 5, search, profile and relationship features.",+91 9800000098,member99@example.com
m100,Ritu naval 100,5,Banker,Nashik,India,20.0059,73.791,1999-04-19,,Isha naval 66,,,,"Sample member for testing generation 5, search, profile and relationship features.",+91 9800000099,member100@example.com
m101,Raj naval 101,5,Designer,Bengaluru,India,12.9716,77.5946,1990-05-20,,Varun naval 67,,Neha naval 102,,"Sample member for testing generation 5, search, profile and relationship features.",+91 9800000100,member101@example.com
m102,Neha naval 102,5,Entrepreneur,Delhi,India,28.6139,77.209,1991-06-21,,Varun naval 67,,Raj naval 101,,"Sample member for testing generation 5, search, profile and relationship features.",+91 9800000101,member102@example.com
m103,Mahesh naval 103,5,Civil Engineer,London,United Kingdom,51.5074,-0.1278,1992-07-22,,Kavya naval 68,,,,"Sample member for testing generation 5, search, profile and relationship features.",+91 9800000102,member103@example.com
m104,Priya naval 104,5,Pharmacist,Dubai,UAE,25.2048,55.2708,1993-08-23,,Kavya naval 68,,,,"Sample member for testing generation 5, search, profile and relationship features.",+91 9800000103,member104@example.com
m105,Rohan naval 105,5,Student,Pune,India,18.5204,73.8567,1994-09-24,,Ritesh naval 69,,,,"Sample member for testing generation 5, search, profile and relationship features.",+91 9800000104,member105@example.com
m106,Isha naval 106,5,Software Engineer,Mumbai,India,19.076,72.8777,1995-10-25,,Ritesh naval 69,,Shreya naval 76,,"Sample member for testing generation 5, search, profile and relationship features.",+91 9800000105,member106@example.com
m107,Arjun naval 107,5,Doctor,Jalgaon,India,21.0077,75.5626,1996-11-26,,Nisha naval 70,,Isha naval 106,,"Sample member for testing generation 5, search, profile and relationship features.",+91 9800000106,member107@example.com
m108,Kavya naval 108,5,Chartered Accountant,Nashik,India,20.0059,73.791,1997-12-27,,Nisha naval 70,,,,"Sample member for testing generation 5, search, profile and relationship features.",+91 9800000107,member108@example.com
m109,Aditya naval 109,5,Lawyer,Bengaluru,India,12.9716,77.5946,1998-01-01,,Harsh naval 71,,,,"Sample member for testing generation 5, search, profile and relationship features.",+91 9800000108,member109@example.com
m110,Nisha naval 110,5,Teacher,Delhi,India,28.6139,77.209,1999-02-02,,Harsh naval 71,,,,"Sample member for testing generation 5, search, profile and relationship features.",+91 9800000109,member110@example.com
m111,Suresh naval 111,5,Business Owner,London,United Kingdom,51.5074,-0.1278,1990-03-03,,Sneha naval 72,,Sneha naval 112,,"Sample member for testing generation 5, search, profile and relationship features.",+91 9800000110,member111@example.com
m112,Sneha naval 112,5,Architect,Dubai,UAE,25.2048,55.2708,1991-04-04,,Sneha naval 72,,Suresh naval 111,,"Sample member for testing generation 5, search, profile and relationship features.",+91 9800000111,member112@example.com
m113,Prakash naval 113,5,Consultant,Pune,India,18.5204,73.8567,1992-05-05,,Dev naval 73,,,,"Sample member for testing generation 5, search, profile and relationship features.",+91 9800000112,member113@example.com
m114,Tanya naval 114,5,Professor,Mumbai,India,19.076,72.8777,1993-06-06,,Dev naval 73,,,,"Sample member for testing generation 5, search, profile and relationship features.",+91 9800000113,member114@example.com
m115,Deepak naval 115,5,Banker,Jalgaon,India,21.0077,75.5626,1994-07-07,,Tanya naval 74,,,,"Sample member for testing generation 5, search, profile and relationship features.",+91 9800000114,member115@example.com
m116,Shreya naval 116,5,Designer,Nashik,India,20.0059,73.791,1995-08-08,,Tanya naval 74,,Sanjay naval 141,,"Sample member for testing generation 5, search, profile and relationship features.",+91 9800000115,member116@example.com
m117,Varun naval 117,5,Entrepreneur,Bengaluru,India,12.9716,77.5946,1996-09-09,,Ravi naval 75,,Shreya naval 116,,"Sample member for testing generation 5, search, profile and relationship features.",+91 9800000116,member117@example.com
m118,Simran naval 118,5,Civil Engineer,Delhi,India,28.6139,77.209,1997-10-10,,Ravi naval 75,,,,"Sample member for testing generation 5, search, profile and relationship features.",+91 9800000117,member118@example.com
m119,Ritesh naval 119,5,Pharmacist,London,United Kingdom,51.5074,-0.1278,1998-11-11,,Shreya naval 76,,,,"Sample member for testing generation 5, search, profile and relationship features.",+91 9800000118,member119@example.com
m120,Ritu naval 120,6,Student,Dubai,UAE,25.2048,55.2708,2009-12-12,,Sanjay naval 91,,Harsh naval 121,,"Sample member for testing generation 6, search, profile and relationship features.",+91 9800000119,member120@example.com
m121,Harsh naval 121,6,Software Engineer,Pune,India,18.5204,73.8567,2000-01-13,,Sanjay naval 91,,Ritu naval 120,,"Sample member for testing generation 6, search, profile and relationship features.",+91 9800000120,member121@example.com
m122,Neha naval 122,6,Doctor,Mumbai,India,19.076,72.8777,2001-02-14,,Sneha naval 92,,,,"Sample member for testing generation 6, search, profile and relationship features.",+91 9800000121,member122@example.com
m123,Dev naval 123,6,Chartered Accountant,Jalgaon,India,21.0077,75.5626,2002-03-15,,Sneha naval 92,,,,"Sample member for testing generation 6, search, profile and relationship features.",+91 9800000122,member123@example.com
m124,Priya naval 124,6,Lawyer,Nashik,India,20.0059,73.791,2003-04-16,,Akash naval 93,,,,"Sample member for testing generation 6, search, profile and relationship features.",+91 9800000123,member124@example.com
m125,Ravi naval 125,6,Teacher,Bengaluru,India,12.9716,77.5946,2004-05-17,,Akash naval 93,,Isha naval 126,,"Sample member for testing generation 6, search, profile and relationship features.",+91 9800000124,member125@example.com
m126,Isha naval 126,6,Business Owner,Delhi,India,28.6139,77.209,2005-06-18,,Tanya naval 94,,Ravi naval 125,,"Sample member for testing generation 6, search, profile and relationship features.",+91 9800000125,member126@example.com
m127,Vijay naval 127,6,Architect,London,United Kingdom,51.5074,-0.1278,2006-07-19,,Tanya naval 94,,,,"Sample member for testing generation 6, search, profile and relationship features.",+91 9800000126,member127@example.com
m128,Kavya naval 128,6,Consultant,Dubai,UAE,25.2048,55.2708,2007-08-20,,Sameer naval 95,,,,"Sample member for testing generation 6, search, profile and relationship features.",+91 9800000127,member128@example.com
m129,Amit naval 129,6,Professor,Pune,India,18.5204,73.8567,2008-09-21,,Sameer naval 95,,,,"Sample member for testing generation 6, search, profile and relationship features.",+91 9800000128,member129@example.com
m130,Nisha naval 130,6,Banker,Mumbai,India,19.076,72.8777,2009-10-22,,Shreya naval 96,,Karan naval 131,,"Sample member for testing generation 6, search, profile and relationship features.",+91 9800000129,member130@example.com
m131,Karan naval 131,6,Designer,Jalgaon,India,21.0077,75.5626,2000-11-23,,Shreya naval 96,,Nisha naval 130,,"Sample member for testing generation 6, search, profile and relationship features.",+91 9800000130,member131@example.com
m132,Sneha naval 132,6,Entrepreneur,Nashik,India,20.0059,73.791,2001-12-24,,Yash naval 97,,,,"Sample member for testing generation 6, search, profile and relationship features.",+91 9800000131,member132@example.com
m133,Nikhil naval 133,6,Civil Engineer,Bengaluru,India,12.9716,77.5946,2002-01-25,,Yash naval 97,,,,"Sample member for testing generation 6, search, profile and relationship features.",+91 9800000132,member133@example.com
m134,Tanya naval 134,6,Pharmacist,Delhi,India,28.6139,77.209,2003-02-26,,Simran naval 98,,,,"Sample member for testing generation 6, search, profile and relationship features.",+91 9800000133,member134@example.com
m135,Rahul naval 135,6,Student,London,United Kingdom,51.5074,-0.1278,2004-03-27,,Simran naval 98,,Shreya naval 136,,"Sample member for testing generation 6, search, profile and relationship features.",+91 9800000134,member135@example.com
m136,Shreya naval 136,6,Software Engineer,Dubai,UAE,25.2048,55.2708,2005-04-01,,Neeraj naval 99,,Rahul naval 135,,"Sample member for testing generation 6, search, profile and relationship features.",+91 9800000135,member136@example.com
m137,Manoj naval 137,6,Doctor,Pune,India,18.5204,73.8567,2006-05-02,,Neeraj naval 99,,,,"Sample member for testing generation 6, search, profile and relationship features.",+91 9800000136,member137@example.com
m138,Simran naval 138,6,Chartered Accountant,Mumbai,India,19.076,72.8777,2007-06-03,,Ritu naval 100,,,,"Sample member for testing generation 6, search, profile and relationship features.",+91 9800000137,member138@example.com
m139,Anil naval 139,6,Lawyer,Jalgaon,India,21.0077,75.5626,2008-07-04,,Ritu naval 100,,,,"Sample member for testing generation 6, search, profile and relationship features.",+91 9800000138,member139@example.com
m140,Ritu naval 140,6,Teacher,Nashik,India,20.0059,73.791,2009-08-05,,Raj naval 101,,Sanjay naval 141,,"Sample member for testing generation 6, search, profile and relationship features.",+91 9800000139,member140@example.com
m141,Sanjay naval 141,6,Business Owner,Bengaluru,India,12.9716,77.5946,2000-09-06,,Raj naval 101,,Shreya naval 116,,"Sample member for testing generation 6, search, profile and relationship features.",+91 9800000140,member141@example.com
m142,Neha naval 142,6,Architect,Delhi,India,28.6139,77.209,2001-10-07,,Neha naval 102,,,,"Sample member for testing generation 6, search, profile and relationship features.",+91 9800000141,member142@example.com
m143,Akash naval 143,6,Consultant,London,United Kingdom,51.5074,-0.1278,2002-11-08,,Neha naval 102,,,,"Sample member for testing generation 6, search, profile and relationship features.",+91 9800000142,member143@example.com
m144,Priya naval 144,6,Professor,Dubai,UAE,25.2048,55.2708,2003-12-09,,Mahesh naval 103,,,,"Sample member for testing generation 6, search, profile and relationship features.",+91 9800000143,member144@example.com
m145,Sameer naval 145,6,Banker,Pune,India,18.5204,73.8567,2004-01-10,,Mahesh naval 103,,Isha naval 146,,"Sample member for testing generation 6, search, profile and relationship features.",+91 9800000144,member145@example.com
m146,Isha naval 146,6,Designer,Mumbai,India,19.076,72.8777,2005-02-11,,Priya naval 104,,Sameer naval 145,,"Sample member for testing generation 6, search, profile and relationship features.",+91 9800000145,member146@example.com
m147,Yash naval 147,6,Entrepreneur,Jalgaon,India,21.0077,75.5626,2006-03-12,,Priya naval 104,,,,"Sample member for testing generation 6, search, profile and relationship features.",+91 9800000146,member147@example.com
m148,Kavya naval 148,6,Civil Engineer,Nashik,India,20.0059,73.791,2007-04-13,,Rohan naval 105,,,,"Sample member for testing generation 6, search, profile and relationship features.",+91 9800000147,member148@example.com
m149,Neeraj naval 149,6,Pharmacist,Bengaluru,India,12.9716,77.5946,2008-05-14,,Rohan naval 105,,,,"Sample member for testing generation 6, search, profile and relationship features.",+91 9800000148,member149@example.com
m150,Nisha naval 150,6,Student,Delhi,India,28.6139,77.209,2009-06-15,,Isha naval 106,,,,"Sample member for testing generation 6, search, profile and relationship features.",+91 9800000149,member150@example.com
